<?xml version="1.0" encoding="UTF-8"?>
<GenRun Id="impl_1" LaunchPart="xc7a35tcpg236-1" LaunchTime="1510337224">
  <File Type="WBT-USG" Name="usage_statistics_webtalk.html"/>
  <File Type="BG-DRC" Name="Seven_upSeven_down.drc"/>
  <File Type="BG-BGN" Name="Seven_upSeven_down.bgn"/>
  <File Type="BITSTR-SYSDEF" Name="Seven_upSeven_down.sysdef"/>
  <File Type="BITSTR-MMI" Name="Seven_upSeven_down.mmi"/>
  <File Type="BITSTR-BMM" Name="Seven_upSeven_down_bd.bmm"/>
  <File Type="BITSTR-NKY" Name="Seven_upSeven_down.nky"/>
  <File Type="BITSTR-RBT" Name="Seven_upSeven_down.rbt"/>
  <File Type="BITSTR-MSK" Name="Seven_upSeven_down.msk"/>
  <File Type="BG-BIN" Name="Seven_upSeven_down.bin"/>
  <File Type="BG-BIT" Name="Seven_upSeven_down.bit"/>
  <File Type="POSTROUTE-PHYSOPT-TIMING-RPX" Name="Seven_upSeven_down_timing_summary_postroute_physopted.rpx"/>
  <File Type="POSTROUTE-PHYSOPT-TIMING-PB" Name="Seven_upSeven_down_timing_summary_postroute_physopted.pb"/>
  <File Type="POSTROUTE-PHYSOPT-TIMING" Name="Seven_upSeven_down_timing_summary_postroute_physopted.rpt"/>
  <File Type="POSTROUTE-PHYSOPT-BLACKBOX-DCP" Name="Seven_upSeven_down_postroute_physopt_bb.dcp"/>
  <File Type="POSTROUTE-PHYSOPT-DCP" Name="Seven_upSeven_down_postroute_physopt.dcp"/>
  <File Type="ROUTE-CLK" Name="Seven_upSeven_down_clock_utilization_routed.rpt"/>
  <File Type="ROUTE-SIMILARITY" Name="Seven_upSeven_down_incremental_reuse_routed.rpt"/>
  <File Type="ROUTE-TIMING-RPX" Name="Seven_upSeven_down_timing_summary_routed.rpx"/>
  <File Type="ROUTE-TIMING-PB" Name="Seven_upSeven_down_timing_summary_routed.pb"/>
  <File Type="ROUTE-TIMINGSUMMARY" Name="Seven_upSeven_down_timing_summary_routed.rpt"/>
  <File Type="ROUTE-STATUS-PB" Name="Seven_upSeven_down_route_status.pb"/>
  <File Type="ROUTE-STATUS" Name="Seven_upSeven_down_route_status.rpt"/>
  <File Type="ROUTE-PWR-RPX" Name="Seven_upSeven_down_power_routed.rpx"/>
  <File Type="ROUTE-PWR-SUM" Name="Seven_upSeven_down_power_summary_routed.pb"/>
  <File Type="ROUTE-PWR" Name="Seven_upSeven_down_power_routed.rpt"/>
  <File Type="ROUTE-METHODOLOGY-DRC-PB" Name="Seven_upSeven_down_methodology_drc_routed.pb"/>
  <File Type="ROUTE-METHODOLOGY-DRC-RPX" Name="Seven_upSeven_down_methodology_drc_routed.rpx"/>
  <File Type="ROUTE-METHODOLOGY-DRC" Name="Seven_upSeven_down_methodology_drc_routed.rpt"/>
  <File Type="ROUTE-DRC-RPX" Name="Seven_upSeven_down_drc_routed.rpx"/>
  <File Type="ROUTE-DRC-PB" Name="Seven_upSeven_down_drc_routed.pb"/>
  <File Type="ROUTE-DRC" Name="Seven_upSeven_down_drc_routed.rpt"/>
  <File Type="ROUTE-BLACKBOX-DCP" Name="Seven_upSeven_down_routed_bb.dcp"/>
  <File Type="ROUTE-DCP" Name="Seven_upSeven_down_routed.dcp"/>
  <File Type="ROUTE-ERROR-DCP" Name="Seven_upSeven_down_routed_error.dcp"/>
  <File Type="PHYSOPT-TIMING" Name="Seven_upSeven_down_timing_summary_physopted.rpt"/>
  <File Type="PHYSOPT-DRC" Name="Seven_upSeven_down_drc_physopted.rpt"/>
  <File Type="PHYSOPT-DCP" Name="Seven_upSeven_down_physopt.dcp"/>
  <File Type="POSTPLACE-PWROPT-TIMING" Name="Seven_upSeven_down_timing_summary_postplace_pwropted.rpt"/>
  <File Type="RDI-RDI" Name="Seven_upSeven_down.vdi"/>
  <File Type="PLACE-TIMING" Name="Seven_upSeven_down_timing_summary_placed.rpt"/>
  <File Type="PLACE-PRE-SIMILARITY" Name="Seven_upSeven_down_incremental_reuse_pre_placed.rpt"/>
  <File Type="PLACE-SIMILARITY" Name="Seven_upSeven_down_incremental_reuse_placed.rpt"/>
  <File Type="PLACE-CTRL" Name="Seven_upSeven_down_control_sets_placed.rpt"/>
  <File Type="PLACE-UTIL-PB" Name="Seven_upSeven_down_utilization_placed.pb"/>
  <File Type="PLACE-UTIL" Name="Seven_upSeven_down_utilization_placed.rpt"/>
  <File Type="PLACE-CLK" Name="Seven_upSeven_down_clock_utilization_placed.rpt"/>
  <File Type="PLACE-IO" Name="Seven_upSeven_down_io_placed.rpt"/>
  <File Type="PLACE-DCP" Name="Seven_upSeven_down_placed.dcp"/>
  <File Type="PWROPT-TIMING" Name="Seven_upSeven_down_timing_summary_pwropted.rpt"/>
  <File Type="PWROPT-DRC" Name="Seven_upSeven_down_drc_pwropted.rpt"/>
  <File Type="PWROPT-DCP" Name="Seven_upSeven_down_pwropt.dcp"/>
  <File Type="OPT-TIMING" Name="Seven_upSeven_down_timing_summary_opted.rpt"/>
  <File Type="OPT-HWDEF" Name="Seven_upSeven_down.hwdef"/>
  <File Type="OPT-METHODOLOGY-DRC" Name="Seven_upSeven_down_methodology_drc_opted.rpt"/>
  <File Type="OPT-DRC" Name="Seven_upSeven_down_drc_opted.rpt"/>
  <File Type="OPT-DCP" Name="Seven_upSeven_down_opt.dcp"/>
  <File Type="INIT-TIMING" Name="Seven_upSeven_down_timing_summary_init.rpt"/>
  <File Type="POSTPLACE-PWROPT-DCP" Name="Seven_upSeven_down_postplace_pwropt.dcp"/>
  <File Type="PA-TCL" Name="Seven_upSeven_down.tcl"/>
  <FileSet Name="sources" Type="DesignSrcs" RelSrcDir="$PSRCDIR/sources_1">
    <Filter Type="Srcs"/>
    <File Path="$PPRDIR/../Desktop/project_files/bet_regis.vhd">
      <FileInfo>
        <Attr Name="UsedIn" Val="synthesis"/>
        <Attr Name="UsedIn" Val="simulation"/>
      </FileInfo>
    </File>
    <File Path="$PSRCDIR/sources_1/new/sub_reg.vhd">
      <FileInfo>
        <Attr Name="UsedIn" Val="synthesis"/>
        <Attr Name="UsedIn" Val="simulation"/>
      </FileInfo>
    </File>
    <File Path="$PPRDIR/../Desktop/project_files/subtractor.vhd">
      <FileInfo>
        <Attr Name="UsedIn" Val="synthesis"/>
        <Attr Name="UsedIn" Val="simulation"/>
      </FileInfo>
    </File>
    <File Path="$PPRDIR/../Desktop/project_files/GameOver.vhd">
      <FileInfo>
        <Attr Name="UsedIn" Val="synthesis"/>
        <Attr Name="UsedIn" Val="simulation"/>
      </FileInfo>
    </File>
    <File Path="$PPRDIR/../Desktop/project_files/FSM_Delay.vhd">
      <FileInfo>
        <Attr Name="UsedIn" Val="synthesis"/>
        <Attr Name="UsedIn" Val="simulation"/>
      </FileInfo>
    </File>
    <File Path="$PPRDIR/../Desktop/project_files/feed_amount.vhd">
      <FileInfo>
        <Attr Name="UsedIn" Val="synthesis"/>
        <Attr Name="UsedIn" Val="simulation"/>
      </FileInfo>
    </File>
    <File Path="$PPRDIR/../Desktop/project_files/Decider.vhd">
      <FileInfo>
        <Attr Name="UsedIn" Val="synthesis"/>
        <Attr Name="UsedIn" Val="simulation"/>
      </FileInfo>
    </File>
    <File Path="$PPRDIR/../Desktop/project_files/comparator.vhd">
      <FileInfo>
        <Attr Name="UsedIn" Val="synthesis"/>
        <Attr Name="UsedIn" Val="simulation"/>
      </FileInfo>
    </File>
    <File Path="$PPRDIR/../Desktop/project_files/Bset_RNG.vhd">
      <FileInfo>
        <Attr Name="UsedIn" Val="synthesis"/>
        <Attr Name="UsedIn" Val="simulation"/>
      </FileInfo>
    </File>
    <File Path="$PPRDIR/../Desktop/project_files/Bet_On.vhd">
      <FileInfo>
        <Attr Name="UsedIn" Val="synthesis"/>
        <Attr Name="UsedIn" Val="simulation"/>
      </FileInfo>
    </File>
    <File Path="$PPRDIR/../Desktop/project_files/7_segement_display.vhd">
      <FileInfo>
        <Attr Name="UsedIn" Val="synthesis"/>
        <Attr Name="UsedIn" Val="simulation"/>
      </FileInfo>
    </File>
    <File Path="$PPRDIR/../Desktop/project_files/Seven_upSeven_down.vhd">
      <FileInfo>
        <Attr Name="UsedIn" Val="synthesis"/>
        <Attr Name="UsedIn" Val="simulation"/>
      </FileInfo>
    </File>
    <File Path="$PPRDIR/../Desktop/project_files/getnextseed.vhd">
      <FileInfo>
        <Attr Name="AutoDisabled" Val="1"/>
        <Attr Name="UsedIn" Val="synthesis"/>
        <Attr Name="UsedIn" Val="simulation"/>
      </FileInfo>
    </File>
    <File Path="$PPRDIR/../Desktop/project_files/Random_number_generator.vhd">
      <FileInfo>
        <Attr Name="AutoDisabled" Val="1"/>
        <Attr Name="UsedIn" Val="synthesis"/>
        <Attr Name="UsedIn" Val="simulation"/>
      </FileInfo>
    </File>
    <File Path="$PPRDIR/../Desktop/project_files/new_RNG.vhd">
      <FileInfo>
        <Attr Name="AutoDisabled" Val="1"/>
        <Attr Name="UsedIn" Val="synthesis"/>
        <Attr Name="UsedIn" Val="simulation"/>
      </FileInfo>
    </File>
    <Config>
      <Option Name="DesignMode" Val="RTL"/>
      <Option Name="TopModule" Val="Seven_upSeven_down"/>
    </Config>
  </FileSet>
  <FileSet Name="constrs_in" Type="Constrs" RelSrcDir="$PSRCDIR/constrs_1">
    <Filter Type="Constrs"/>
    <File Path="$PPRDIR/../Desktop/project_files/mini_pro.xdc">
      <FileInfo>
        <Attr Name="UsedIn" Val="synthesis"/>
        <Attr Name="UsedIn" Val="implementation"/>
      </FileInfo>
    </File>
    <Config>
      <Option Name="ConstrsType" Val="XDC"/>
    </Config>
  </FileSet>
  <Strategy Version="1" Minor="2">
    <StratHandle Name="Vivado Implementation Defaults" Flow="Vivado Implementation 2016"/>
    <Step Id="init_design"/>
    <Step Id="opt_design"/>
    <Step Id="power_opt_design"/>
    <Step Id="place_design"/>
    <Step Id="post_place_power_opt_design"/>
    <Step Id="phys_opt_design"/>
    <Step Id="route_design"/>
    <Step Id="post_route_phys_opt_design"/>
    <Step Id="write_bitstream"/>
  </Strategy>
</GenRun>
